Geo Point;Geo Shape;nom;num_station;nb_bornettes;en_service;rue;mot_directeur;no;nrivoli;commune;code_insee;locations_2016;oid;locations_2019
43.6048803141,1.4452839319;"{""type"": ""MultiPoint"", ""coordinates"": [[1.445283931896369, 43.604880314142]]}";LAFAYETTE;2;22;oui;RUE LAFAYETTE;LAFAYETTE (RUE LAFAYETTE);21;3105554920;Toulouse;31555;65710;287;55297
43.5995226263,1.4454725045;"{""type"": ""MultiPoint"", ""coordinates"": [[1.445472504499364, 43.59952262633322]]}";PLACE ROUAIX;25;17;oui;RUE DES TOURNEURS;TOURNEURS (RUE DES TOURNEURS);1;3105558536;Toulouse;31555;42992;289;47470
43.6032696509,1.44550808378;"{""type"": ""MultiPoint"", ""coordinates"": [[1.44550808377576, 43.60326965092052]]}";POMME;3;19;oui;RUE DE LA POMME;POMME (RUE DE LA POMME);62;3105556988;Toulouse;31555;63413;294;53611
43.5998933097,1.42946748828;"{""type"": ""MultiPoint"", ""coordinates"": [[1.429467488283192, 43.59989330966798]]}";JARDIN RAYMOND VI;81;33;oui;ALL CHARLES DE FITTE;FITTE (ALL CHARLES DE FITTE);76;3105551920;Toulouse;31555;18722;302;16201
43.605654716,1.42824720785;"{""type"": ""MultiPoint"", ""coordinates"": [[1.428247207846001, 43.605654715976485]]}";SEJOURNE  -  AMIDONNIERS;83;15;oui;AV PAUL SEJOURNE;SEJOURNE (AV PAUL SEJOURNE);2;3105556648;Toulouse;31555;37976;308;27875
43.6068755457,1.43072063283;"{""type"": ""MultiPoint"", ""coordinates"": [[1.430720632828121, 43.606875545667684]]}";LECLERC -  BARCELONE;85;20;oui;BD DU MARECHAL LECLERC;LECLERC (BD DU MARECHAL LECLERC);2;3105555656;Toulouse;31555;32145;309;22938
43.6057674225,1.44648864765;"{""type"": ""MultiPoint"", ""coordinates"": [[1.44648864765214, 43.605767422524906]]}";PLACE VICTOR HUGO;7;26;oui;RUE DU REMPART VILLENEUVE;VILLENEUVE (RUE DU REMPART VILLENEUVE);6;3105557388;Toulouse;31555;24768;325;18398
43.6095960569,1.44608782302;"{""type"": ""MultiPoint"", ""coordinates"": [[1.446087823020401, 43.60959605693229]]}";SAINT LAZARE;34;17;oui;PETITE-RUE SAINT LAZARE;LAZARE (PETITE-RUE SAINT LAZARE);2;3105557876;Toulouse;31555;25102;330;8859
43.6270624409,1.43402945575;"{""type"": ""MultiPoint"", ""coordinates"": [[1.434029455745733, 43.62706244089111]]}";BARRIERE DE PARIS;125;20;oui;BRE DE PARIS;PARIS (BRE DE PARIS);00;310555B279;Toulouse;31555;16780;333;18715
43.6029215981,1.45172699116;"{""type"": ""MultiPoint"", ""coordinates"": [[1.451726991157842, 43.602921598097005]]}";CARNOT ROLAND;22;20;oui;BD LAZARE CARNOT;CARNOT (BD LAZARE CARNOT);24;3105555132;Toulouse;31555;10516;339;10159
43.6046781027,1.44952828207;"{""type"": ""MultiPoint"", ""coordinates"": [[1.449528282070613, 43.60467810271863]]}";CARNOT -  TROIS JOURNEES;20;27;oui;BD LAZARE CARNOT;CARNOT (BD LAZARE CARNOT);69;3105555132;Toulouse;31555;26414;340;25221
43.5978399224,1.45165488886;"{""type"": ""MultiPoint"", ""coordinates"": [[1.451654888855737, 43.59783992243565]]}";PALAIS NIEL;44;20;oui;ALL FORAIN FRANCOIS VERDIER;VERDIER (ALL FORAIN FRANCOIS VERDIER);1;3105553396;Toulouse;31555;10252;342;8984
43.5951394323,1.43254537056;"{""type"": ""MultiPoint"", ""coordinates"": [[1.432545370556561, 43.59513943226877]]}";FITTE -  CUGNAUX;72;18;oui;ALL CHARLES DE FITTE;FITTE (ALL CHARLES DE FITTE);23;3105551920;Toulouse;31555;8168;351;8280
43.5966227093,1.45560757526;"{""type"": ""MultiPoint"", ""coordinates"": [[1.455607575263943, 43.596622709250916]]}";SABATIER - PORT ST SAUVEUR;100;19;oui;ALL PAUL SABATIER;SABATIER (ALL PAUL SABATIER);16;3105556644;Toulouse;31555;20947;358;17777
43.6045672253,1.45371722347;"{""type"": ""MultiPoint"", ""coordinates"": [[1.453717223468111, 43.60456722531125]]}";COLOMBETTE;40;17;oui;RUE DE LA COLOMBETTE;COLOMBETTE (RUE DE LA COLOMBETTE);41;3105552192;Toulouse;31555;32715;362;29358
43.6126464509,1.44845740689;"{""type"": ""MultiPoint"", ""coordinates"": [[1.448457406890869, 43.61264645090912]]}";ROQUELAINE;60;21;oui;PL ROQUELAINE;ROQUELAINE (PL ROQUELAINE);32;3105557600;Toulouse;31555;23566;367;23682
43.6096633889,1.44695335979;"{""type"": ""MultiPoint"", ""coordinates"": [[1.446953359788837, 43.609663388943005]]}";PLACE JEANNE D'ARC;35;20;oui;RUE RAYMOND IV;RAYMOND IV (RUE RAYMOND IV);1;3105557320;Toulouse;31555;18099;368;22939
43.6084261192,1.42386267118;"{""type"": ""MultiPoint"", ""coordinates"": [[1.423862671181387, 43.60842611920049]]}";BRIENNE  -  PASSERELLE;106;15;oui;ALL DE BRIENNE;BRIENNE (ALL DE BRIENNE);99;3105551424;Toulouse;31555;20097;377;17761
43.6103128937,1.42043916058;"{""type"": ""MultiPoint"", ""coordinates"": [[1.420439160583489, 43.61031289373867]]}";BARCELONE - PONT JUMEAUX;120;20;oui;ALL DE BARCELONE;BARCELONE (ALL DE BARCELONE);152;3105550840;Toulouse;31555;22973;383;15571
43.5975150929,1.42871240964;"{""type"": ""MultiPoint"", ""coordinates"": [[1.428712409642748, 43.59751509289087]]}";BILLIERES  -  CHAMPETRE;105;17;oui;AV ETIENNE BILLIERES;BILLIERES (AV ETIENNE BILLIERES);12;3105553116;Toulouse;31555;19595;388;14544
43.5967115559,1.42430427461;"{""type"": ""MultiPoint"", ""coordinates"": [[1.424304274606454, 43.59671155589376]]}";BILLIERES -  PATTE D OIE;130;16;oui;AV ETIENNE BILLIERES;BILLIERES (AV ETIENNE BILLIERES);66T;3105553116;Toulouse;31555;21237;395;21848
43.593531204,1.4530424939;"{""type"": ""MultiPoint"", ""coordinates"": [[1.45304249390177, 43.59353120399918]]}";MISTRAL -  FLEURANCE;102;20;oui;ALL FREDERIC MISTRAL;MISTRAL (ALL FREDERIC MISTRAL);18;3105553584;Toulouse;31555;16925;400;13661
43.5897092409,1.45595100743;"{""type"": ""MultiPoint"", ""coordinates"": [[1.455951007426741, 43.589709240949425]]}";DEMOISELLES - BEGUE;127;16;oui;RUE BEGUE DAVID;DAVID (RUE BEGUE DAVID);1;3105550980;Toulouse;31555;13516;405;11646
43.6023178414,1.4255371289;"{""type"": ""MultiPoint"", ""coordinates"": [[1.425537128903928, 43.60231784140225]]}";THEATRE GARONNE;95;20;oui;AV DU CHATEAU D EAU;EAU (AV DU CHATEAU D EAU);4;3105551976;Toulouse;31555;15859;411;15219
43.5935151103,1.42999124571;"{""type"": ""MultiPoint"", ""coordinates"": [[1.429991245708001, 43.59351511032742]]}";SAINTE LUCIE;37;18;oui;RUE SAINTE LUCIE;LUCIE (RUE SAINTE LUCIE);38;3105558040;Toulouse;31555;11609;412;9000
43.5878725608,1.42458263002;"{""type"": ""MultiPoint"", ""coordinates"": [[1.424582630015673, 43.58787256081305]]}";DEODAT DE SEVERAC;142;20;oui;BD DEODAT DE SEVERAC;SEVERAC (BD DEODAT DE SEVERAC);52;3105552600;Toulouse;31555;9483;417;7112
43.5797667669,1.46001451741;"{""type"": ""MultiPoint"", ""coordinates"": [[1.460014517407888, 43.57976676688246]]}";METRO SAOUZELONG;164;20;oui;AV ALBERT BEDOUCE;BEDOUCE (AV ALBERT BEDOUCE);77;3105550112;Toulouse;31555;8985;436;7715
43.576865802,1.46013616858;"{""type"": ""MultiPoint"", ""coordinates"": [[1.460136168583297, 43.576865801990664]]}";AVIONS LIBELLULES;165;15;oui;AV DES AVIONS;AVIONS (AV DES AVIONS);35;3105550732;Toulouse;31555;3010;439;3023
43.6398670499,1.45228507176;"{""type"": ""MultiPoint"", ""coordinates"": [[1.452285071755724, 43.63986704989834]]}";METRO BOURGES MAUNOURY;175;30;oui;AV MAURICE BOURGES MAUNOURY;MAUNOURY (AV MAURICE BOURGES MAUNOURY);00;3105555789;Toulouse;31555;8090;443;9358
43.6241068134,1.45467901612;"{""type"": ""MultiPoint"", ""coordinates"": [[1.454679016117744, 43.6241068133502]]}";LAPUJADE FLANDRES;167;18;oui;CHE DE LAPUJADE;LAPUJADE (CHE DE LAPUJADE);98;3105555028;Toulouse;31555;8048;446;9316
43.6285741118,1.44819976763;"{""type"": ""MultiPoint"", ""coordinates"": [[1.448199767632987, 43.62857411176388]]}";MAUNOURY PISAN;153;18;oui;AV MAURICE BOURGES MAUNOURY;MAUNOURY (AV MAURICE BOURGES MAUNOURY);9;3105555789;Toulouse;31555;6829;447;7722
43.592964434,1.44530594719;"{""type"": ""MultiPoint"", ""coordinates"": [[1.445305947191188, 43.592964433959274]]}";METRO PALAIS DE JUSTICE;68;18;oui;ALL JULES GUESDE;GUESDE (ALL JULES GUESDE);3;3105554812;Toulouse;31555;53852;448;42523
43.6113246752,1.45679944036;"{""type"": ""MultiPoint"", ""coordinates"": [[1.456799440355592, 43.61132467519905]]}";LEDUC;5;19;oui;RUE RENE LEDUC;LEDUC (RUE RENE LEDUC);5;3105557413;Toulouse;31555;24420;449;30150
43.6068412894,1.45804986996;"{""type"": ""MultiPoint"", ""coordinates"": [[1.45804986995685, 43.606841289369335]]}";GENERAL COMPANS;176;18;oui;RUE DU GEN JEAN COMPANS;COMPANS (RUE DU GEN JEAN COMPANS);1;3105552250;Toulouse;31555;13172;450;15929
43.612229853,1.47754712624;"{""type"": ""MultiPoint"", ""coordinates"": [[1.477547126240094, 43.612229853014234]]}";PLACE SOUPETARD;180;15;oui;PL DE SOUPETARD;SOUPETARD (PL DE SOUPETARD);3;3105558300;Toulouse;31555;4458;454;4200
43.5845764258,1.41570681318;"{""type"": ""MultiPoint"", ""coordinates"": [[1.415706813175606, 43.58457642584094]]}";DESBALS MONT DORE;187;15;oui;RUE HENRI DESBALS;DESBALS (RUE HENRI DESBALS);187;3105554140;Toulouse;31555;4897;461;6870
43.6018357449,1.45801583559;"{""type"": ""MultiPoint"", ""coordinates"": [[1.458015835593863, 43.60183574489798]]}";GOUJON PUJOL;196;20;oui;RUE JEAN GOUJON;GOUJON (RUE JEAN GOUJON);10;3105554584;Toulouse;31555;15376;468;16912
43.5833549065,1.48194817912;"{""type"": ""MultiPoint"", ""coordinates"": [[1.481948179118739, 43.583354906511346]]}";CHRIST ROI;207;17;oui;RUE DE L AUDE;AUDE (RUE DE L AUDE);25;3105550616;Toulouse;31555;655;479;1352
43.6276650594,1.46194309592;"{""type"": ""MultiPoint"", ""coordinates"": [[1.461943095916309, 43.627665059358684]]}";AMOUROUX SAINTE AUGUSTINE;218;18;oui;CHE AMOUROUX;AMOUROUX (CHE AMOUROUX);24B;3105550260;Toulouse;31555;1325;493;1391
43.6041619433,1.40726460664;"{""type"": ""MultiPoint"", ""coordinates"": [[1.407264606636008, 43.60416194326157]]}";FONTAINES CASSELARDIT;226;17;oui;RUE DES FONTAINES;FONTAINES (RUE DES FONTAINES);292;3105553380;Toulouse;31555;9078;496;13226
43.5741765862,1.46240924557;"{""type"": ""MultiPoint"", ""coordinates"": [[1.462409245571474, 43.574176586210044]]}";METRO RANGUEIL;166;20;oui;RUE EMILE GUYOU;GUYOU (RUE EMILE GUYOU);00;3105552978;Toulouse;31555;18542;502;15562
43.6327222473,1.43174888303;"{""type"": ""MultiPoint"", ""coordinates"": [[1.431748883026052, 43.63272224733915]]}";ETATS UNIS FERRY;243;18;oui;AV DES ETATS UNIS;UNIS (AV DES ETATS UNIS);96;3105553104;Toulouse;31555;3459;513;3142
43.6410053602,1.44854596556;"{""type"": ""MultiPoint"", ""coordinates"": [[1.448545965556449, 43.641005360228014]]}";BOUQUETINS ROSTAND;248;18;oui;RUE EDMOND ROSTAND;ROSTAND (RUE EDMOND ROSTAND);139;3105552888;Toulouse;31555;2221;515;2383
43.6256234436,1.43967698797;"{""type"": ""MultiPoint"", ""coordinates"": [[1.439676987970638, 43.625623443602315]]}";CURIE CAMPISTRON;150;20;oui;BD PIERRE ET MARIE CURIE;CURIE (BD PIERRE ET MARIE CURIE);88;3105556880;Toulouse;31555;4176;518;6145
43.56498489,1.47817624528;"{""type"": ""MultiPoint"", ""coordinates"": [[1.47817624528314, 43.5649848900326]]}";BELIN E.N.A.C.;223;20;oui;AV DU COLONEL ROCHE;ROCHE (AV DU COLONEL ROCHE);4;3105552202;Toulouse;31555;11967;524;6469
43.5960291075,1.41021964502;"{""type"": ""MultiPoint"", ""coordinates"": [[1.410219645018862, 43.596029107525595]]}";ELLA MAILLART - ROQUEMAUREL;9;17;oui;RUE ELLA MAILLART;MAILLART (RUE ELLA MAILLART);8;3105552941;Toulouse;31555;0;533;5577
43.5572334845,1.46526500951;"{""type"": ""MultiPoint"", ""coordinates"": [[1.465265009512588, 43.55723348445272]]}";NARBONNE IUFM;231;20;oui;RTE DE NARBONNE;NARBONNE (RTE DE NARBONNE);217;3105556196;Toulouse;31555;10661;534;8033
43.6474935582,1.43264037251;"{""type"": ""MultiPoint"", ""coordinates"": [[1.432640372514435, 43.64749355817188]]}";PLACE RICHÉ;259;20;oui;PL PAUL RICHE;RICHE (PL PAUL RICHE);;3105556642;Toulouse;31555;2443;538;2059
43.6007058528,1.48358375361;"{""type"": ""MultiPoint"", ""coordinates"": [[1.483583753609404, 43.60070585275275]]}";CHÂTEAU DE L'HERS;257;0;oui;CHE DU CHATEAU DE L HERS;HERS (CHE DU CHATEAU DE L HERS);;;Toulouse;31555;1357;546;972
43.5736943993,1.41398810198;"{""type"": ""MultiPoint"", ""coordinates"": [[1.413988101976132, 43.573694399326094]]}";TOURAINE;266;0;oui;RUE DE LA TOURAINE;TOURAINE (RUE DE LA TOURAINE);;;Toulouse;31555;2324;553;3288
43.5898907213,1.37784158963;"{""type"": ""MultiPoint"", ""coordinates"": [[1.377841589633064, 43.58989072132913]]}";PLACE SAUVEGRAIN;269;18;oui;PL JACQUES SAUVEGRAIN;SAUVEGRAIN (PL JACQUES SAUVEGRAIN);;3105558180;Toulouse;31555;2963;559;2083
43.6193313135,1.3969881689;"{""type"": ""MultiPoint"", ""coordinates"": [[1.396988168903306, 43.61933131345423]]}";ANCELY;271;0;oui;AV DES ARENES ROMAINES;ROMAINES (AV DES ARENES ROMAINES);110;3105550448;Toulouse;31555;3887;564;4789
43.5837779038,1.40641531228;"{""type"": ""MultiPoint"", ""coordinates"": [[1.40641531228392, 43.58377790375012]]}";PLACE CAMPAN;254;0;oui;PL LOUIS CAMPAN;CAMPAN (PL LOUIS CAMPAN);;;Toulouse;31555;367;568;2547
43.5946166266,1.45588906937;"{""type"": ""MultiPoint"", ""coordinates"": [[1.455889069369296, 43.59461662655505]]}";CAPTAINERIE PORT  - ST SAUVEUR;101;20;oui;PORT SAINT SAUVEUR;SAUVEUR (PORT SAINT SAUVEUR);5;3105558066;Toulouse;31555;30068;290;26419
43.5964570828,1.45092834305;"{""type"": ""MultiPoint"", ""coordinates"": [[1.450928343047424, 43.59645708278742]]}";JARDIN ROYAL;66;23;oui;RUE DU HUIT MAI 1945;MAI 1945 (RUE DU HUIT MAI 1945);0;3105554272;Toulouse;31555;10366;297;10267
43.6149887505,1.43291370931;"{""type"": ""MultiPoint"", ""coordinates"": [[1.432913709307341, 43.61498875052983]]}";HOTEL DE POLICE;123;15;oui;RUE DE CHAUSSAS;CHAUSSAS (RUE DE CHAUSSAS);1;3105551996;Toulouse;31555;25469;304;20904
43.6056429267,1.42802279231;"{""type"": ""MultiPoint"", ""coordinates"": [[1.428022792308054, 43.605642926689086]]}";SEJOURNE - CATALANS;82;16;oui;AV PAUL SEJOURNE;SEJOURNE (AV PAUL SEJOURNE);1;3105556648;Toulouse;31555;30805;307;29208
43.6112623008,1.4380734892;"{""type"": ""MultiPoint"", ""coordinates"": [[1.438073489198073, 43.611262300809294]]}";LASCROSSES -  PLACE ARNAUD BERNARD;90;26;oui;BD LASCROSSES;LASCROSSES (BD LASCROSSES);3B;3105555080;Toulouse;31555;26118;310;26368
43.605078253,1.43731413301;"{""type"": ""MultiPoint"", ""coordinates"": [[1.437314133009275, 43.60507825295084]]}";VALADE;29;19;oui;RUE VALADE;VALADE (RUE VALADE);31;3105558676;Toulouse;31555;46812;311;28999
43.6063052572,1.43840139063;"{""type"": ""MultiPoint"", ""coordinates"": [[1.43840139062854, 43.606305257209065]]}";PLACE ANATOLE FRANCE;30;25;oui;PL ANATOLE FRANCE;FRANCE (PL ANATOLE FRANCE);40;3105550272;Toulouse;31555;36074;312;24804
43.6103968153,1.44308450269;"{""type"": ""MultiPoint"", ""coordinates"": [[1.443084502694961, 43.6103968153377]]}";MERLY -  ARCOLE;57;15;oui;RUE MERLY;MERLY (RUE MERLY);15;3105555896;Toulouse;31555;21995;315;19667
43.612382621,1.45141348961;"{""type"": ""MultiPoint"", ""coordinates"": [[1.451413489607005, 43.6123826209941]]}";RAYMOND IV;97;20;oui;RUE RAYMOND IV;RAYMOND IV (RUE RAYMOND IV);00;3105557320;Toulouse;31555;18913;316;22285
43.6115693219,1.43966733129;"{""type"": ""MultiPoint"", ""coordinates"": [[1.439667331287608, 43.611569321865005]]}";ARCOLE -  BALANCE;91;23;oui;BD D ARCOLE;ARCOLE (BD D ARCOLE);48;3105550428;Toulouse;31555;22047;328;19876
43.6152867705,1.4428779309;"{""type"": ""MultiPoint"", ""coordinates"": [[1.442877930903229, 43.61528677053102]]}";MINIMES -  PASSERELLE;111;22;oui;BD DES MINIMES;MINIMES (BD DES MINIMES);38B;3105555960;Toulouse;31555;18479;332;18824
43.5876387848,1.4598495052;"{""type"": ""MultiPoint"", ""coordinates"": [[1.459849505196886, 43.58763878477771]]}";PONT DES DEMOISELLES;98;20;oui;ALL DES DEMOISELLES;DEMOISELLES (ALL DES DEMOISELLES);80;3105552584;Toulouse;31555;24582;335;21660
43.6090407826,1.44109967115;"{""type"": ""MultiPoint"", ""coordinates"": [[1.441099671153311, 43.60904078255614]]}";SAINT SERNIN -  GATIEN ARNOULT;55;13;oui;RUE GATIEN ARNOULT;ARNOULT (RUE GATIEN ARNOULT);2;3105553780;Toulouse;31555;11928;336;10072
43.5952289038,1.44538657568;"{""type"": ""MultiPoint"", ""coordinates"": [[1.445386575675431, 43.595228903815624]]}";NAZARETH -  LANGUEDOC;47;25;oui;RUE DU LANGUEDOC;LANGUEDOC (RUE DU LANGUEDOC);12;3105555000;Toulouse;31555;15877;347;16113
43.5985644556,1.43505005327;"{""type"": ""MultiPoint"", ""coordinates"": [[1.435050053267573, 43.59856445556342]]}";REPUBLIQUE - PLACE OLIVIER;76;20;oui;RUE DE LA REPUBLIQUE;REPUBLIQUE (RUE DE LA REPUBLIQUE);34;3105557428;Toulouse;31555;24212;359;10295
43.6080099354,1.42860286856;"{""type"": ""MultiPoint"", ""coordinates"": [[1.428602868557709, 43.608009935378]]}";HERACLES - BEARNAIS;86;18;oui;RUE DU BEARNAIS;BEARNAIS (RUE DU BEARNAIS);23;3105550948;Toulouse;31555;23761;360;21356
43.6027020651,1.45444839893;"{""type"": ""MultiPoint"", ""coordinates"": [[1.454448398925485, 43.602702065094064]]}";ST AUBIN  - CAMICHEL;41;20;oui;RUE CHARLES CAMICHEL;CAMICHEL (RUE CHARLES CAMICHEL);1;3105551560;Toulouse;31555;36731;361;28376
43.6088961907,1.4530070198;"{""type"": ""MultiPoint"", ""coordinates"": [[1.453007019796698, 43.60889619074601]]}";JAURES  -  STALINGRAD;62;23;oui;ALL JEAN JAURES;JAURES (ALL JEAN JAURES);71T;3105554600;Toulouse;31555;9358;363;8993
43.607436201,1.44465392586;"{""type"": ""MultiPoint"", ""coordinates"": [[1.444653925856657, 43.60743620096068]]}";PERIGORD;14;20;oui;RUE DE PERIGORD;PERIGORD (RUE DE PERIGORD);26;3105556756;Toulouse;31555;17684;364;17774
43.6099785963,1.4196129267;"{""type"": ""MultiPoint"", ""coordinates"": [[1.419612926698242, 43.609978596257804]]}";CHAPOU;119;24;oui;ALL DE BRIENNE;BRIENNE (ALL DE BRIENNE);129;3105551424;Toulouse;31555;24475;376;23945
43.613876865,1.45148809226;"{""type"": ""MultiPoint"", ""coordinates"": [[1.451488092258469, 43.61387686502015]]}";SEMARD -  GARE ROUTIERE;94;20;oui;BD PIERRE SEMARD;SEMARD (BD PIERRE SEMARD);73;3105556916;Toulouse;31555;24056;378;20031
43.6041843287,1.44540497478;"{""type"": ""MultiPoint"", ""coordinates"": [[1.44540497477852, 43.60418432874564]]}";POIDS DE L'HUILE;1;20;oui;RUE DU POIDS DE L HUILE;HUILE (RUE DU POIDS DE L HUILE);12;3105556972;Toulouse;31555;44300;381;30801
43.6056186711,1.43449255912;"{""type"": ""MultiPoint"", ""coordinates"": [[1.43449255911763, 43.6056186710875]]}";DUPORTAL - CANAL DE BRIENNE;51;18;oui;BD ARMAND DUPORTAL;DUPORTAL (BD ARMAND DUPORTAL);1;3105550492;Toulouse;31555;27068;384;20838
43.6207081615,1.43561908265;"{""type"": ""MultiPoint"", ""coordinates"": [[1.43561908265263, 43.620708161478106]]}";MINIMES - MARCHE AU COCHONS;133;20;oui;AV DES MINIMES;MINIMES (AV DES MINIMES);71;3105555956;Toulouse;31555;16738;393;17287
43.5886263725,1.45065274572;"{""type"": ""MultiPoint"", ""coordinates"": [[1.450652745717897, 43.588626372491795]]}";PLACE DU BUSCA;118;17;oui;PL DU BUSCA;BUSCA (PL DU BUSCA);2;3105551464;Toulouse;31555;18533;403;14735
43.6009101182,1.45072441426;"{""type"": ""MultiPoint"", ""coordinates"": [[1.450724414255123, 43.600910118229166]]}";METZ  - REMPART ST ETIENNE;99;20;oui;RUE DU REMPART ST ETIENNE;ETIENNE (RUE DU REMPART ST ETIENNE);5;3105557384;Toulouse;31555;19637;406;17199
43.5899454385,1.43219351659;"{""type"": ""MultiPoint"", ""coordinates"": [[1.432193516586127, 43.58994543847616]]}";MURET -  BARTHERE;104;20;oui;AV DE MURET;MURET (AV DE MURET);223B;3105556160;Toulouse;31555;15339;407;13401
43.5955021269,1.41843992755;"{""type"": ""MultiPoint"", ""coordinates"": [[1.418439927550583, 43.59550212687599]]}";BARRIERE DE LOMBEZ;139;20;oui;AV DE LOMBEZ;LOMBEZ (AV DE LOMBEZ);39;3105555308;Toulouse;31555;18986;415;16655
43.5816721747,1.4136357547;"{""type"": ""MultiPoint"", ""coordinates"": [[1.413635754695333, 43.581672174677216]]}";DESBALS SAINTONGE;143;20;oui;RUE HENRI DESBALS;DESBALS (RUE HENRI DESBALS);145;3105554140;Toulouse;31555;4457;419;276
43.6197021555,1.42917415173;"{""type"": ""MultiPoint"", ""coordinates"": [[1.429174151725691, 43.61970215554214]]}";CHAUSSAS DAUDET;147;19;oui;RUE DE CHAUSSAS;CHAUSSAS (RUE DE CHAUSSAS);96;3105551996;Toulouse;31555;12231;423;11710
43.6246222645,1.44311909743;"{""type"": ""MultiPoint"", ""coordinates"": [[1.44311909742902, 43.62462226453615]]}";CURIE NEGRENEYS;151;20;oui;BD PIERRE ET MARIE CURIE;CURIE (BD PIERRE ET MARIE CURIE);27;3105556880;Toulouse;31555;10087;425;9948
43.6241333206,1.43848239495;"{""type"": ""MultiPoint"", ""coordinates"": [[1.438482394954704, 43.6241333206149]]}";THEATRE DES MAZADES;152;20;oui;AV DES MAZADES;MAZADES (AV DES MAZADES);10;3105555848;Toulouse;31555;6302;426;8389
43.5829164365,1.44859626279;"{""type"": ""MultiPoint"", ""coordinates"": [[1.448596262790887, 43.58291643650011]]}";URSS RECOLLETS;157;18;oui;AV DE L URSS;URSS (AV DE L URSS);16B;3105558660;Toulouse;31555;10628;431;9047
43.5766426282,1.45484622844;"{""type"": ""MultiPoint"", ""coordinates"": [[1.454846228441905, 43.57664262821746]]}";RANGUEIL BEDOUCE;161;16;oui;AV DE RANGUEIL;RANGUEIL (AV DE RANGUEIL);35;3105557268;Toulouse;31555;6358;435;7780
43.6169503757,1.4736208229;"{""type"": ""MultiPoint"", ""coordinates"": [[1.473620822896019, 43.6169503756629]]}";CASSAING PLANA;179;17;oui;CHE CASSAING;CASSAING (CHE CASSAING);4;3105551744;Toulouse;31555;1813;453;2236
43.5979952378,1.42016702487;"{""type"": ""MultiPoint"", ""coordinates"": [[1.420167024865603, 43.59799523776706]]}";BARRIERE DE BAYONNE;138;20;oui;BRE DE BAYONNE;BAYONNE (BRE DE BAYONNE);2;3105550924;Toulouse;31555;17457;459;16800
43.5815292409,1.42546059831;"{""type"": ""MultiPoint"", ""coordinates"": [[1.425460598314955, 43.58152924085258]]}";MURET BOUTINON;189;20;oui;AV DE MURET;MURET (AV DE MURET);44;3105556160;Toulouse;31555;10021;463;6641
43.5773029258,1.42399290177;"{""type"": ""MultiPoint"", ""coordinates"": [[1.42399290177347, 43.577302925826665]]}";OUSTALOUS;190;20;oui;RTE D ESPAGNE;ESPAGNE (RTE D ESPAGNE);39;3105553064;Toulouse;31555;6108;464;9345
43.587777109,1.40955573438;"{""type"": ""MultiPoint"", ""coordinates"": [[1.409555734375372, 43.587777108976375]]}";ST SIMON PRADO;192;18;oui;RTE DE SAINT SIMON;SIMON (RTE DE SAINT SIMON);355;3105557988;Toulouse;31555;3338;466;3392
43.5973230436,1.45896112631;"{""type"": ""MultiPoint"", ""coordinates"": [[1.458961126308661, 43.59732304361952]]}";LAROUSSE RIEUX;195;20;oui;AV JEAN RIEUX;RIEUX (AV JEAN RIEUX);4;3105554652;Toulouse;31555;17251;469;17169
43.5816739013,1.47585362475;"{""type"": ""MultiPoint"", ""coordinates"": [[1.475853624745652, 43.58167390133857]]}";SAINT EXUPERY ECOLE COURREGE;202;17;oui;AV ANTOINE DE ST EXUPERY;EXUPERY (AV ANTOINE DE ST EXUPERY);165;3105557772;Toulouse;31555;2853;474;3840
43.5868580251,1.46318435935;"{""type"": ""MultiPoint"", ""coordinates"": [[1.463184359345777, 43.586858025098294]]}";PL ROGER ARNAUD;204;18;oui;PL ROGER ARNAUD;ARNAUD (PL ROGER ARNAUD);1;3105557568;Toulouse;31555;15185;477;14450
43.6297737136,1.46654721089;"{""type"": ""MultiPoint"", ""coordinates"": [[1.466547210887484, 43.62977371361549]]}";AMOUROUX SAINT TROPEZ;217;18;oui;CHE AMOUROUX;AMOUROUX (CHE AMOUROUX);42;3105550260;Toulouse;31555;2493;492;3105
43.5764436931,1.40666358575;"{""type"": ""MultiPoint"", ""coordinates"": [[1.406663585745594, 43.57644369307858]]}";VAUQUELIN;221;20;oui;RUE NICOLAS L VAUQUELIN;VAUQUELIN (RUE NICOLAS L VAUQUELIN);85;3105556267;Toulouse;31555;3968;495;3557
43.5680384337,1.4644474838;"{""type"": ""MultiPoint"", ""coordinates"": [[1.464447483795627, 43.56803843370933]]}";METRO PHARMACIE;228;20;oui;CHE DES MARAICHERS;MARAICHERS (CHE DES MARAICHERS);35;3105555576;Toulouse;31555;19239;497;15205
43.5714904569,1.46269876706;"{""type"": ""MultiPoint"", ""coordinates"": [[1.462698767055689, 43.57149045693423]]}";IUT RANGUEIL;229;20;oui;AV DE RANGUEIL;RANGUEIL (AV DE RANGUEIL);129;3105557268;Toulouse;31555;7497;499;6591
43.6357875451,1.44383583378;"{""type"": ""MultiPoint"", ""coordinates"": [[1.443835833775359, 43.63578754512954]]}";RENAN VITRY;244;18;oui;RUE ERNEST RENAN;RENAN (RUE ERNEST RENAN);93;3105553044;Toulouse;31555;2773;512;2793
43.5702108174,1.47340687835;"{""type"": ""MultiPoint"", ""coordinates"": [[1.473406878346228, 43.57021081744555]]}";BELIN ONERA;225;20;oui;AV EDOUARD BELIN;BELIN (AV EDOUARD BELIN);4;3105552894;Toulouse;31555;13980;526;8753
43.5622903583,1.48095852119;"{""type"": ""MultiPoint"", ""coordinates"": [[1.480958521186138, 43.5622903583206]]}";BELIN C.N.R.S.;237;20;oui;AV EDOUARD BELIN;BELIN (AV EDOUARD BELIN);16;3105552894;Toulouse;31555;7144;527;7176
43.5630766724,1.4757812522;"{""type"": ""MultiPoint"", ""coordinates"": [[1.475781252201484, 43.56307667238377]]}";CESR;222;20;oui;AV DU COLONEL ROCHE;ROCHE (AV DU COLONEL ROCHE);11;3105552202;Toulouse;31555;19680;529;13337
43.5751086217,1.4242382688;"{""type"": ""MultiPoint"", ""coordinates"": [[1.424238268800916, 43.57510862173453]]}";ESPAGNE CHARPENTIER;241;20;oui;RTE D ESPAGNE;ESPAGNE (RTE D ESPAGNE);57;3105553064;Toulouse;31555;9016;531;6900
43.5930535519,1.41455354456;"{""type"": ""MultiPoint"", ""coordinates"": [[1.41455354456212, 43.59305355194975]]}";11 NOVEMBRE 1918;250;20;oui;RUE DU ONZE NOVEMBRE 1918;NOVEMBRE 1918 (RUE DU ONZE NOVEMBRE 1918);00;3105556383;Toulouse;31555;4114;535;4518
43.6406279902,1.44024551974;"{""type"": ""MultiPoint"", ""coordinates"": [[1.440245519736814, 43.64062799024831]]}";VAN DYCK;261;18;oui;RUE ANTOINE VAN DYCK;DYCK (RUE ANTOINE VAN DYCK);;;Toulouse;31555;1126;540;1351
43.5787362372,1.4467475124;"{""type"": ""MultiPoint"", ""coordinates"": [[1.446747512402899, 43.57873623716394]]}";NIEL;281;0;oui;RUE SAINT ROCH;ROCH (RUE SAINT ROCH);;;Toulouse;31555;9624;550;11954
43.5650049725,1.41039892853;"{""type"": ""MultiPoint"", ""coordinates"": [[1.410398928525144, 43.565004972473304]]}";LAFOURGUETTE;264;0;oui;PL DES GLIERES;GLIERES (PL DES GLIERES);;;Toulouse;31555;1905;555;1611
43.5814509455,1.38878379916;"{""type"": ""MultiPoint"", ""coordinates"": [[1.388783799161273, 43.58145094547672]]}";PLACE DES PRADETTES;275;0;oui;PL DES PRADETTES;PRADETTES (PL DES PRADETTES);;;Toulouse;31555;3060;556;2551
43.6085042631,1.39719406406;"{""type"": ""MultiPoint"", ""coordinates"": [[1.397194064057616, 43.608504263075346]]}";BAYLAC;268;0;oui;AV DES ARENES ROMAINES;ROMAINES (AV DES ARENES ROMAINES);;3105550448;Toulouse;31555;4874;562;6159
43.6141999519,1.39706730933;"{""type"": ""MultiPoint"", ""coordinates"": [[1.397067309333225, 43.61419995188457]]}";ARÈNES ROMAINES;278;0;oui;AV DES ARENES ROMAINES;ROMAINES (AV DES ARENES ROMAINES);;3105550448;Toulouse;31555;3942;563;3785
43.6013069747,1.45208030448;"{""type"": ""MultiPoint"", ""coordinates"": [[1.45208030447654, 43.60130697471173]]}";MONUMENT AUX COMBATTANTS;23;24;oui;BD LAZARE CARNOT;CARNOT (BD LAZARE CARNOT);6;3105555132;Toulouse;31555;31390;285;26526
43.5968525411,1.45265398793;"{""type"": ""MultiPoint"", ""coordinates"": [[1.452653987927737, 43.59685254111934]]}";VERDIER - GRAND ROND;65;27;oui;ALL FORAIN FRANCOIS VERDIER;VERDIER (ALL FORAIN FRANCOIS VERDIER);2;3105553396;Toulouse;31555;17567;296;15451
43.5926608264,1.44314720709;"{""type"": ""MultiPoint"", ""coordinates"": [[1.443147207094419, 43.59266082640898]]}";FEUGA;69;20;oui;ALL PAUL FEUGA;FEUGA (ALL PAUL FEUGA);11;3105556620;Toulouse;31555;15693;298;15055
43.6054133518,1.43241741661;"{""type"": ""MultiPoint"", ""coordinates"": [[1.432417416612675, 43.60541335179308]]}";BRIENNE -  MANUFACTURE;84;24;oui;ALL DE BRIENNE;BRIENNE (ALL DE BRIENNE);19T;3105551424;Toulouse;31555;42133;305;33208
43.6152600218,1.4350552616;"{""type"": ""MultiPoint"", ""coordinates"": [[1.435055261597383, 43.61526002175313]]}";HOTEL DE DEPARTEMENT;109;20;oui;BD DE LA MARQUETTE;MARQUETTE (BD DE LA MARQUETTE);1;3105555716;Toulouse;31555;11379;306;11829
43.6102092923,1.43502297471;"{""type"": ""MultiPoint"", ""coordinates"": [[1.43502297471373, 43.610209292314515]]}";DUPORTAL -  LASCROSSES;88;25;oui;BD LASCROSSES;LASCROSSES (BD LASCROSSES);17T;3105555080;Toulouse;31555;48644;314;41447
43.6074477564,1.4542531648;"{""type"": ""MultiPoint"", ""coordinates"": [[1.454253164796721, 43.607447756419475]]}";PISCINE LEO LAGRANGE;63;22;oui;RUE DES SEPT TROUBADOURS;TROUBADOURS (RUE DES SEPT TROUBADOURS);54;3105558224;Toulouse;31555;22191;318;19117
43.6073900316,1.43946241727;"{""type"": ""MultiPoint"", ""coordinates"": [[1.439462417270893, 43.6073900316174]]}";SALENQUES;31;17;oui;RUE DES SALENQUES;SALENQUES (RUE DES SALENQUES);7;3105558100;Toulouse;31555;25797;322;22269
43.5906437946,1.45332605356;"{""type"": ""MultiPoint"", ""coordinates"": [[1.453326053558882, 43.59064379455825]]}";DEMOISELLES - MISTRAL;115;16;oui;ALL DES DEMOISELLES;DEMOISELLES (ALL DES DEMOISELLES);8;3105552584;Toulouse;31555;17614;334;17232
43.6046027773,1.44042508492;"{""type"": ""MultiPoint"", ""coordinates"": [[1.440425084918277, 43.60460277730057]]}";PARGAMINIERES;12;23;oui;RUE PARGAMINIERES;PARGAMINIERES (RUE PARGAMINIERES);66;3105556540;Toulouse;31555;37858;348;28159
43.6078583887,1.44666624291;"{""type"": ""MultiPoint"", ""coordinates"": [[1.446666242913033, 43.607858388667076]]}";STRASBOURG  -  BAYARD;16;21;oui;BD DE STRASBOURG;STRASBOURG (BD DE STRASBOURG);32;3105558328;Toulouse;31555;36251;350;36550
43.5963147592,1.43214373954;"{""type"": ""MultiPoint"", ""coordinates"": [[1.432143739544566, 43.59631475916901]]}";FITTE - TEINTURIERS;73;17;oui;ALL CHARLES DE FITTE;FITTE (ALL CHARLES DE FITTE);40;3105551920;Toulouse;31555;18408;355;16269
43.5996760522,1.42937135576;"{""type"": ""MultiPoint"", ""coordinates"": [[1.42937135576231, 43.59967605222161]]}";FITTE - VARSI;80;23;oui;ALL CHARLES DE FITTE;FITTE (ALL CHARLES DE FITTE);89B;3105551920;Toulouse;31555;21704;356;15977
43.594306254,1.44882209496;"{""type"": ""MultiPoint"", ""coordinates"": [[1.448822094957896, 43.594306254000244]]}";MUSEUM;67;28;oui;ALL JULES GUESDE;GUESDE (ALL JULES GUESDE);35;3105554812;Toulouse;31555;25392;357;23692
43.6110568679,1.43666783605;"{""type"": ""MultiPoint"", ""coordinates"": [[1.436667836046304, 43.611056867905226]]}";ESP COMPANS CAFFARELLI;89;23;oui;ESP COMPANS CAFFARELLI;CAFFARELLI (ESP COMPANS CAFFARELLI);1;3105552251;Toulouse;31555;34229;373;37148
43.6062040241,1.45491047374;"{""type"": ""MultiPoint"", ""coordinates"": [[1.454910473736162, 43.6062040241401]]}";PERI -  MERCADIER;64;18;oui;RUE GABRIEL PERI;PERI (RUE GABRIEL PERI);30;3105553660;Toulouse;31555;18230;380;19473
43.5854539103,1.4283605566;"{""type"": ""MultiPoint"", ""coordinates"": [[1.428360556600612, 43.585453910274396]]}";CROIX DE PIERRE - DEODAT DE SEVERAC;129;18;oui;BD DEODAT DE SEVERAC;SEVERAC (BD DEODAT DE SEVERAC);2;3105552600;Toulouse;31555;19224;387;17186
43.6122930907,1.42883016992;"{""type"": ""MultiPoint"", ""coordinates"": [[1.428830169917535, 43.61229309069605]]}";SEBASTOPOL -  RITAY;108;20;oui;RUE DE SEBASTOPOL;SEBASTOPOL (RUE DE SEBASTOPOL);9;3105558204;Toulouse;31555;16641;396;13507
43.5923261194,1.44907945575;"{""type"": ""MultiPoint"", ""coordinates"": [[1.449079455754987, 43.59232611940581]]}";MUSEUM  -  DUMERIL;113;20;oui;RUE ALFRED DUMERIL;DUMERIL (RUE ALFRED DUMERIL);58;3105550184;Toulouse;31555;23970;398;17101
43.5924441698,1.45792809521;"{""type"": ""MultiPoint"", ""coordinates"": [[1.457928095207079, 43.59244416979361]]}";BD MONTPLAISIR -  CANAL;114;20;oui;BD MONPLAISIR;MONPLAISIR (BD MONPLAISIR);8;3105556016;Toulouse;31555;15374;399;13948
43.5854214865,1.45301555155;"{""type"": ""MultiPoint"", ""coordinates"": [[1.453015551550501, 43.58542148650594]]}";PLACE RUSSEL -  BRANLY;112;18;oui;ALL EDOUARD BRANLY;BRANLY (ALL EDOUARD BRANLY);47;3105552896;Toulouse;31555;16325;404;15077
43.6027229937,1.44203223441;"{""type"": ""MultiPoint"", ""coordinates"": [[1.442032234407058, 43.602722993744116]]}";SAINTE URSULE;4;17;oui;RUE SAINTE URSULE;URSULE (RUE SAINTE URSULE);19;3105558076;Toulouse;31555;50458;409;44199
43.6142277867,1.4380432683;"{""type"": ""MultiPoint"", ""coordinates"": [[1.438043268300887, 43.61422778672722]]}";SERRES -  CABANEL;110;18;oui;RUE ALEXANDRE CABANEL;CABANEL (RUE ALEXANDRE CABANEL);16;3105550148;Toulouse;31555;12388;410;12824
43.5873472491,1.41790377357;"{""type"": ""MultiPoint"", ""coordinates"": [[1.417903773571824, 43.58734724910373]]}";METRO FONTAINE LESTANG;141;20;oui;RUE HENRI DESBALS;DESBALS (RUE HENRI DESBALS);239;3105554140;Toulouse;31555;4767;418;6151
43.6138959451,1.42501290897;"{""type"": ""MultiPoint"", ""coordinates"": [[1.425012908972601, 43.61389594506126]]}";GOUNOD GARROS;145;20;oui;RUE CHARLES GOUNOD;GOUNOD (RUE CHARLES GOUNOD);27;3105551940;Toulouse;31555;23324;421;22036
43.61560262,1.42836374212;"{""type"": ""MultiPoint"", ""coordinates"": [[1.428363742120967, 43.6156026200307]]}";SANG DE SERP DAGNAUX;146;20;oui;CHE DU SANG DE SERP;SERP (CHE DU SANG DE SERP);57;3105558132;Toulouse;31555;12088;422;9963
43.6165650723,1.4441064803;"{""type"": ""MultiPoint"", ""coordinates"": [[1.444106480297865, 43.61656507234896]]}";COLLIGNON;148;19;oui;AV FRANCOIS COLLIGNON;COLLIGNON (AV FRANCOIS COLLIGNON);0000;3105552178;Toulouse;31555;15988;424;14384
43.5899290277,1.44176111028;"{""type"": ""MultiPoint"", ""coordinates"": [[1.441761110275804, 43.58992902769849]]}";HOTEL DE REGION;154;20;oui;RUE DES GALLOIS;GALLOIS (RUE DES GALLOIS);4;3105553688;Toulouse;31555;16507;428;13157
43.578605701,1.45026091781;"{""type"": ""MultiPoint"", ""coordinates"": [[1.450260917807728, 43.57860570096716]]}";JULES JULIEN DEVIC;159;20;oui;AV JULES JULIEN;JULIEN (AV JULES JULIEN);96;3105554816;Toulouse;31555;13686;433;12374
43.5802832567,1.4548627845;"{""type"": ""MultiPoint"", ""coordinates"": [[1.454862784503226, 43.58028325669606]]}";ITALIE;162;17;oui;AV D ITALIE;ITALIE (AV D ITALIE);49;3105554364;Toulouse;31555;5806;438;6685
43.6265865357,1.45877424738;"{""type"": ""MultiPoint"", ""coordinates"": [[1.458774247384102, 43.62658653572081]]}";BILA;168;15;oui;PL BILA;BILA (PL BILA);1;3105551168;Toulouse;31555;5812;441;7977
43.6174462077,1.46548404807;"{""type"": ""MultiPoint"", ""coordinates"": [[1.465484048070374, 43.61744620767913]]}";BAILLAUD BRUNAUD;177;20;oui;RUE BENJAMIN BAILLAUD;BAILLAUD (RUE BENJAMIN BAILLAUD);64;3105551044;Toulouse;31555;1396;451;2389
43.6193116595,1.46872867952;"{""type"": ""MultiPoint"", ""coordinates"": [[1.468728679515404, 43.619311659536926]]}";PLACE DE LA ROSERAIE;178;20;oui;AV YVES BRUNAUD;BRUNAUD (AV YVES BRUNAUD);98;3105558972;Toulouse;31555;10271;452;10962
43.584293243,1.42755810866;"{""type"": ""MultiPoint"", ""coordinates"": [[1.427558108655031, 43.584293243048215]]}";MURET LAFAGE;188;18;oui;AV DE MURET;MURET (AV DE MURET);121;3105556160;Toulouse;31555;11577;462;11593
43.5900181346,1.41520209844;"{""type"": ""MultiPoint"", ""coordinates"": [[1.415202098440147, 43.59001813459124]]}";ST SIMON QUATORZE JUILLET;191;20;oui;RTE DE SAINT SIMON;SIMON (RTE DE SAINT SIMON);395;3105557988;Toulouse;31555;8230;465;8003
43.5914894288,1.47001711409;"{""type"": ""MultiPoint"", ""coordinates"": [[1.470017114088182, 43.591489428754016]]}";DELTOUR RIEUX;199;20;oui;BD DELTOUR;DELTOUR (BD DELTOUR);4;3105552580;Toulouse;31555;3408;471;6500
43.5895508476,1.47888635352;"{""type"": ""MultiPoint"", ""coordinates"": [[1.478886353524035, 43.589550847632964]]}";BAROUX DARASSE;209;17;oui;AV LUCIEN BAROUX;BAROUX (AV LUCIEN BAROUX);4;3105555446;Toulouse;31555;476;481;1680
43.5834787323,1.48776554499;"{""type"": ""MultiPoint"", ""coordinates"": [[1.487765544990905, 43.58347873226011]]}";LE DORMEUR LA TERRASSE;211;18;oui;RUE LE DORMEUR;DORMEUR (RUE LE DORMEUR);9;3105552746;Toulouse;31555;1156;483;1501
43.5962276702,1.47345400582;"{""type"": ""MultiPoint"", ""coordinates"": [[1.473454005820446, 43.59622767021025]]}";LAFILAIRE DELTOUR;198;20;oui;CHE DE LAFILAIRE;LAFILAIRE (CHE DE LAFILAIRE);25;3105554932;Toulouse;31555;1424;484;3701
43.6007100776,1.46731232251;"{""type"": ""MultiPoint"", ""coordinates"": [[1.467312322507971, 43.600710077603686]]}";PUJOL CHAUBET;213;18;oui;AV CAMILLE PUJOL;PUJOL (AV CAMILLE PUJOL);129;3105551584;Toulouse;31555;3547;487;7572
43.5745711571,1.40213704131;"{""type"": ""MultiPoint"", ""coordinates"": [[1.402137041306263, 43.57457115709272]]}";TABAR UNIVERSITE;220;20;oui;RUE UNIVERSITE DU MIRAIL;MIRAIL (RUE UNIVERSITE DU MIRAIL);3;3105558666;Toulouse;31555;4645;494;4623
43.5665194693,1.45866363268;"{""type"": ""MultiPoint"", ""coordinates"": [[1.458663632679736, 43.56651946927854]]}";NARBONNE SAHUQUE;233;20;oui;RTE DE NARBONNE;NARBONNE (RTE DE NARBONNE);105;3105556196;Toulouse;31555;11124;500;9165
43.5692062094,1.45634916182;"{""type"": ""MultiPoint"", ""coordinates"": [[1.45634916182147, 43.56920620937184]]}";NARBONNE MIROUSE;232;18;oui;RTE DE NARBONNE;NARBONNE (RTE DE NARBONNE);64;3105556196;Toulouse;31555;11081;501;7759
43.5673543907,1.46778361536;"{""type"": ""MultiPoint"", ""coordinates"": [[1.467783615355583, 43.56735439073561]]}";RANGUEIL TRIPODE B;230;20;oui;AV DE RANGUEIL;RANGUEIL (AV DE RANGUEIL);141;3105557268;Toulouse;31555;11427;503;8615
43.6334896217,1.43545887842;"{""type"": ""MultiPoint"", ""coordinates"": [[1.435458878415501, 43.633489621653275]]}";METRO LA VACHE;235;20;oui;RUE PAUL VERLAINE;VERLAINE (RUE PAUL VERLAINE);8;3105556656;Toulouse;31555;5006;507;5514
43.5973131473,1.40375645141;"{""type"": ""MultiPoint"", ""coordinates"": [[1.403756451409074, 43.59731314731082]]}";TOEC ABBE LEMIRE;236;20;oui;RUE DE L ABBE JULES LEMIRE;LEMIRE (RUE DE L ABBE JULES LEMIRE);1;3105554821;Toulouse;31555;3724;508;4314
43.5793370009,1.47308252565;"{""type"": ""MultiPoint"", ""coordinates"": [[1.473082525654607, 43.57933700086884]]}";BUTTE HERBETTES;238;17;oui;CHE DE LA BUTTE;BUTTE (CHE DE LA BUTTE);50;3105551468;Toulouse;31555;2654;509;4286
43.5769775349,1.46949669041;"{""type"": ""MultiPoint"", ""coordinates"": [[1.469496690406512, 43.57697753490444]]}";LESPINET HERBETTES;239;18;oui;AV DE LESPINET;LESPINET (AV DE LESPINET);127;3105555196;Toulouse;31555;15228;510;12412
43.6038189181,1.42008058359;"{""type"": ""MultiPoint"", ""coordinates"": [[1.4200805835929, 43.603818918064036]]}";WAGNER BRUNHES;246;20;oui;BD RICHARD WAGNER;WAGNER (BD RICHARD WAGNER);29;3105557468;Toulouse;31555;14694;517;14493
43.6337548603,1.43754039953;"{""type"": ""MultiPoint"", ""coordinates"": [[1.437540399526031, 43.63375486025689]]}";RAIMBAUD COLETTE;242;18;oui;RUE ARTHUR RIMBAUD;RIMBAUD (RUE ARTHUR RIMBAUD);4;3105550546;Toulouse;31555;1466;520;1715
43.6115437366,1.41453821966;"{""type"": ""MultiPoint"", ""coordinates"": [[1.414538219661377, 43.611543736619026]]}";BERNIES POSTE;131;18;oui;RTE DE BLAGNAC;BLAGNAC (RTE DE BLAGNAC);15;3105551180;Toulouse;31555;9070;536;9545
43.6183476315,1.43671552908;"{""type"": ""MultiPoint"", ""coordinates"": [[1.436715529078407, 43.618347631477974]]}";MINIMES - SAINTE FAMILLE;124;20;oui;AV DES MINIMES;MINIMES (AV DES MINIMES);22;3105555956;Toulouse;31555;22017;537;22075
43.6449599546,1.4337959573;"{""type"": ""MultiPoint"", ""coordinates"": [[1.433795957304996, 43.64495995459219]]}";DUCLOS;260;18;oui;RUE LEONCE DUCLOS;DUCLOS (RUE LEONCE DUCLOS);;;Toulouse;31555;1929;539;2168
43.6354376042,1.47283321498;"{""type"": ""MultiPoint"", ""coordinates"": [[1.472833214981827, 43.635437604231065]]}";VASSEUR;272;18;oui;RUE ANDRE VASSEUR;VASSEUR (RUE ANDRE VASSEUR);;;Toulouse;31555;3452;543;3495
43.6291513909,1.47628037112;"{""type"": ""MultiPoint"", ""coordinates"": [[1.476280371124369, 43.62915139085695]]}";CAMBARD;258;0;oui;RUE CAMBARD;CAMBARD (RUE CAMBARD);;;Toulouse;31555;2285;544;1693
43.576930476,1.44007581966;"{""type"": ""MultiPoint"", ""coordinates"": [[1.440075819655086, 43.5769304759849]]}";SELLIER;255;0;oui;ALL HENRI SELLIER;SELLIER (ALL HENRI SELLIER);;;Toulouse;31555;3378;551;6589
43.5680280611,1.4133482223;"{""type"": ""MultiPoint"", ""coordinates"": [[1.413348222297469, 43.568028061104926]]}";BORDELONGUE;265;0;oui;PAS DU CANAL DE BORDELONGUE;BORDELONGUE (PAS DU CANAL DE BORDELONGUE);;;Toulouse;31555;1242;554;2051
43.5844422796,1.3987146019;"{""type"": ""MultiPoint"", ""coordinates"": [[1.398714601902061, 43.58444227961174]]}";PLACE JEAN BAYLET;263;0;oui;AV JEAN BAYLET;BAYLET (AV JEAN BAYLET);;;Toulouse;31555;2403;558;1881
43.5854418001,1.37726572031;"{""type"": ""MultiPoint"", ""coordinates"": [[1.377265720307528, 43.58544180009317]]}";ZAMENHOF;277;0;oui;ALL DU DR LEJZER L ZAMENHOF;ZAMENHOF (ALL DU DR LEJZER L ZAMENHOF);;;Toulouse;31555;1275;560;720
43.5814678307,1.37979179964;"{""type"": ""MultiPoint"", ""coordinates"": [[1.379791799637353, 43.58146783068798]]}";MARIN;276;0;oui;CHE DU MARIN;MARIN (CHE DU MARIN);;;Toulouse;31555;1518;561;1959
43.601868123,1.440327774;"{""type"": ""MultiPoint"", ""coordinates"": [[1.440327773995015, 43.60186812301107]]}";PLACE DE LA DAURADE;11;28;oui;PL DE LA DAURADE;DAURADE (PL DE LA DAURADE);2;3105552520;Toulouse;31555;63191;291;43294
43.6001760982,1.45479063784;"{""type"": ""MultiPoint"", ""coordinates"": [[1.454790637835037, 43.60017609824417]]}";PLACE DUPUY;43;22;oui;PL DOMINIQUE MARTIN DUPUY;DUPUY (PL DOMINIQUE MARTIN DUPUY);14;3105552828;Toulouse;31555;35146;292;32844
43.6040791182,1.45015368757;"{""type"": ""MultiPoint"", ""coordinates"": [[1.450153687570848, 43.60407911818376]]}";CARNOT - LABEDA;21;22;oui;BD LAZARE CARNOT;CARNOT (BD LAZARE CARNOT);63;3105555132;Toulouse;31555;27827;295;24820
43.5962857887,1.44712909119;"{""type"": ""MultiPoint"", ""coordinates"": [[1.447129091191994, 43.59628578866816]]}";OZENNE - NAZARETH;45;19;oui;RUE THEODORE OZENNE;OZENNE (RUE THEODORE OZENNE);10;3105556448;Toulouse;31555;25064;299;17558
43.5966673942,1.43623710388;"{""type"": ""MultiPoint"", ""coordinates"": [[1.436237103877683, 43.59666739418027]]}";LAGANNE - TEINTURIERS;74;18;oui;RUE LAGANNE;LAGANNE (RUE LAGANNE);37;3105554948;Toulouse;31555;9632;301;7468
43.6092360377,1.43201717289;"{""type"": ""MultiPoint"", ""coordinates"": [[1.43201717288516, 43.609236037718304]]}";LASCROSSES -  LECLERC;87;26;oui;BD LASCROSSES;LASCROSSES (BD LASCROSSES);47;3105555080;Toulouse;31555;24804;303;19339
43.6076038636,1.44130600071;"{""type"": ""MultiPoint"", ""coordinates"": [[1.441306000706161, 43.60760386355071]]}";MUSEE ST RAYMOND;32;12;oui;RUE DES TROIS RENARDS;RENARDS (RUE DES TROIS RENARDS);8;3105558616;Toulouse;31555;19251;313;12273
43.6095720528,1.44934651483;"{""type"": ""MultiPoint"", ""coordinates"": [[1.449346514827588, 43.60957205278683]]}";PLACE SCHUMAN;36;23;oui;PL ROBERT SCHUMAN;SCHUMAN (PL ROBERT SCHUMAN);5;3105557536;Toulouse;31555;33670;317;42546
43.6058190675,1.45283559935;"{""type"": ""MultiPoint"", ""coordinates"": [[1.452835599345174, 43.60581906745309]]}";PLACE DE DAMLOUP;39;19;oui;PL DE DAMLOUP;DAMLOUP (PL DE DAMLOUP);2;3105552480;Toulouse;31555;25408;319;22550
43.6086864892,1.43944808948;"{""type"": ""MultiPoint"", ""coordinates"": [[1.439448089478602, 43.60868648923374]]}";CHAINE;54;18;oui;RUE DE LA CHAINE;CHAINE (RUE DE LA CHAINE);10;3105551844;Toulouse;31555;15522;321;14864
43.6062917135,1.44822915254;"{""type"": ""MultiPoint"", ""coordinates"": [[1.448229152543219, 43.606291713480324]]}";STRASBOURG - JAURES;18;24;oui;BD DE STRASBOURG;STRASBOURG (BD DE STRASBOURG);4;3105558328;Toulouse;31555;40602;326;34029
43.6051357744,1.44228102934;"{""type"": ""MultiPoint"", ""coordinates"": [[1.442281029336915, 43.60513577442965]]}";LOIS;6;20;oui;RUE DES LOIS;LOIS (RUE DES LOIS);5;3105555304;Toulouse;31555;4839;327;27994
43.6090485214,1.44269350834;"{""type"": ""MultiPoint"", ""coordinates"": [[1.442693508344861, 43.60904852142666]]}";SAINT SERNIN  -  MERLY;56;14;oui;RUE MERLY;MERLY (RUE MERLY);1;3105555896;Toulouse;31555;11912;329;7972
43.6064117784,1.4477401399;"{""type"": ""MultiPoint"", ""coordinates"": [[1.447740139903808, 43.60641177843142]]}";STRASBOURG  - SARDANE;17;25;oui;BD DE STRASBOURG;STRASBOURG (BD DE STRASBOURG);7;3105558328;Toulouse;31555;25938;331;21774
43.6034948597,1.43608294062;"{""type"": ""MultiPoint"", ""coordinates"": [[1.436082940622407, 43.60349485968739]]}";PLACE SAINT PIERRE;28;22;oui;PL SAINT PIERRE;PIERRE (PL SAINT PIERRE);6;3105557948;Toulouse;31555;36588;337;60511
43.6032144995,1.44812935019;"{""type"": ""MultiPoint"", ""coordinates"": [[1.44812935018756, 43.6032144995481]]}";ESPACE SAINT GEORGES;8;24;oui;RUE PAUL VIDAL;VIDAL (RUE PAUL VIDAL);19;3105556660;Toulouse;31555;26973;338;23141
43.6051683858,1.44939724813;"{""type"": ""MultiPoint"", ""coordinates"": [[1.449397248134246, 43.60516838575614]]}";CARNOT  - PERI;19;25;oui;BD LAZARE CARNOT;CARNOT (BD LAZARE CARNOT);62;3105555132;Toulouse;31555;38234;341;25991
43.5947749915,1.44399954164;"{""type"": ""MultiPoint"", ""coordinates"": [[1.44399954163806, 43.59477499152477]]}";PLACE DU SALIN;48;22;oui;PL DU SALIN;SALIN (PL DU SALIN);18;3105558116;Toulouse;31555;28810;344;26765
43.600373178,1.44490268995;"{""type"": ""MultiPoint"", ""coordinates"": [[1.444902689951855, 43.60037317800606]]}";PLACE ESQUIROL;10;18;oui;PL ETIENNE ESQUIROL;ESQUIROL (PL ETIENNE ESQUIROL);15;3105553084;Toulouse;31555;102470;349;42217
43.5981319833,1.43140332849;"{""type"": ""MultiPoint"", ""coordinates"": [[1.431403328490839, 43.5981319833083]]}";PLACE INT ST CYPRIEN DARRE;78;17;oui;PL INTERIEURE ST CYPRIEN;CYPRIEN (PL INTERIEURE ST CYPRIEN);14;3105554336;Toulouse;31555;38713;353;37028
43.6106821228,1.4436208413;"{""type"": ""MultiPoint"", ""coordinates"": [[1.443620841297195, 43.61068212276846]]}";CONCORDE -  ARCOLE;58;25;oui;RUE DE LA CONCORDE;CONCORDE (RUE DE LA CONCORDE);4;3105552256;Toulouse;31555;56118;369;49395
43.6145965267,1.44353763512;"{""type"": ""MultiPoint"", ""coordinates"": [[1.443537635121199, 43.614596526676856]]}";PRINTEMPS - INGRES;93;15;oui;RUE DU PRINTEMPS;PRINTEMPS (RUE DU PRINTEMPS);57;3105557140;Toulouse;31555;18599;371;17487
43.6131507875,1.44133703617;"{""type"": ""MultiPoint"", ""coordinates"": [[1.44133703617336, 43.613150787524646]]}";CHALETS;92;13;oui;RUE DES CHALETS;CHALETS (RUE DES CHALETS);31;3105551852;Toulouse;31555;16138;372;12121
43.5932599871,1.4350626278;"{""type"": ""MultiPoint"", ""coordinates"": [[1.435062627804638, 43.59325998710389]]}";COURS DILLON;71;24;oui;RUE LAGANNE;LAGANNE (RUE LAGANNE);3;3105554948;Toulouse;31555;16200;382;12543
43.5857568059,1.44743391705;"{""type"": ""MultiPoint"", ""coordinates"": [[1.447433917047822, 43.58575680588409]]}";MAISON D'ARRET ST MICHEL;128;20;oui;GRANDE-RUE SAINT MICHEL;MICHEL (GRANDE-RUE SAINT MICHEL);18B;3105557916;Toulouse;31555;35022;385;30494
43.6074815108,1.45171127289;"{""type"": ""MultiPoint"", ""coordinates"": [[1.451711272893718, 43.60748151081649]]}";JAURES -  BACHELIER;38;20;oui;ALL JEAN JAURES;JAURES (ALL JEAN JAURES);60;3105554600;Toulouse;31555;20931;391;20986
43.6190127432,1.45680421485;"{""type"": ""MultiPoint"", ""coordinates"": [[1.456804214846672, 43.61901274323174]]}";EGLISE BONNEFOY;134;20;oui;ALL DE L EGLISE BONNEFOY;BONNEFOY (ALL DE L EGLISE BONNEFOY);8;3105552912;Toulouse;31555;16169;392;19117
43.6229744495,1.43445042874;"{""type"": ""MultiPoint"", ""coordinates"": [[1.434450428744691, 43.62297444948876]]}";MINIMES - BAQUE;132;15;oui;AV DES MINIMES;MINIMES (AV DES MINIMES);101;3105555956;Toulouse;31555;9271;394;11018
43.5881822541,1.44644310151;"{""type"": ""MultiPoint"", ""coordinates"": [[1.446443101507883, 43.58818225405032]]}";ST MICHEL -  NOTRE DAME;116;15;oui;GRANDE-RUE SAINT MICHEL;MICHEL (GRANDE-RUE SAINT MICHEL);50;3105557916;Toulouse;31555;19568;402;20282
43.5995803722,1.441400726;"{""type"": ""MultiPoint"", ""coordinates"": [[1.441400725999803, 43.599580372162684]]}";COUTELIERS -  METZ;49;18;oui;RUE DES COUTELIERS;COUTELIERS (RUE DES COUTELIERS);52;3105552372;Toulouse;31555;28850;408;25385
43.5808838977,1.44916001925;"{""type"": ""MultiPoint"", ""coordinates"": [[1.449160019247091, 43.580883897718415]]}";URSS ST THOMAS D AQUIN;158;20;oui;AV DE L URSS;URSS (AV DE L URSS);55;3105558660;Toulouse;31555;22045;432;20273
43.5732974515,1.45248014105;"{""type"": ""MultiPoint"", ""coordinates"": [[1.452480141048672, 43.57329745147772]]}";THEATRE JULES JULIEN;160;17;oui;AV DES ECOLES JULES JULIEN;JULIEN (AV DES ECOLES JULES JULIEN);21;3105552860;Toulouse;31555;8627;434;7135
43.5815724707,1.46242017599;"{""type"": ""MultiPoint"", ""coordinates"": [[1.462420175988542, 43.58157247070112]]}";BEDOUCE CANAL DU MIDI;163;20;oui;AV ALBERT BEDOUCE;BEDOUCE (AV ALBERT BEDOUCE);115;3105550112;Toulouse;31555;12826;437;9526
43.6231013627,1.4587217286;"{""type"": ""MultiPoint"", ""coordinates"": [[1.458721728603839, 43.62310136269255]]}";BONNEFOY LEMAITRE;135;17;oui;RUE DU FAUBOURG BONNEFOY;BONNEFOY (RUE DU FAUBOURG BONNEFOY);183;3105553204;Toulouse;31555;7410;440;10666
43.5792466903,1.41089487523;"{""type"": ""MultiPoint"", ""coordinates"": [[1.410894875225018, 43.57924669033877]]}";DESBALS BACHAGA BOUALAM;186;18;oui;IMP DU BACHAGA BOUALAM;BOUALAM (IMP DU BACHAGA BOUALAM);1;3105550793;Toulouse;31555;3073;460;5395
43.6003011978,1.46404891285;"{""type"": ""MultiPoint"", ""coordinates"": [[1.464048912851142, 43.6003011977985]]}";CASERNE PERIGNON;197;20;oui;AV LOUIS BLERIOT;BLERIOT (AV LOUIS BLERIOT);6;3105555360;Toulouse;31555;3279;470;8551
43.5790375966,1.48362912378;"{""type"": ""MultiPoint"", ""coordinates"": [[1.483629123780259, 43.57903759663102]]}";PLACE DE L ORMEAU;200;20;oui;AV JEAN RIEUX;RIEUX (AV JEAN RIEUX);345;3105554652;Toulouse;31555;3779;472;4167
43.5797488883,1.48083180351;"{""type"": ""MultiPoint"", ""coordinates"": [[1.480831803508153, 43.57974888829353]]}";POTEZ SAINT EXUPERY;201;20;oui;AV ANTOINE DE ST EXUPERY;EXUPERY (AV ANTOINE DE ST EXUPERY);256;3105557772;Toulouse;31555;4215;473;4212
43.5835433232,1.47006075485;"{""type"": ""MultiPoint"", ""coordinates"": [[1.470060754846352, 43.58354332320588]]}";PETIT PRINCE SAINT EXUPERY;203;20;oui;AV DU PETIT PRINCE;PRINCE (AV DU PETIT PRINCE);2;3105556790;Toulouse;31555;8084;475;8212
43.5940543455,1.46509048333;"{""type"": ""MultiPoint"", ""coordinates"": [[1.465090483334294, 43.594054345477915]]}";LEYGUE RIEUX;206;18;oui;AV ARMAND LEYGUE;LEYGUE (AV ARMAND LEYGUE);20;3105550496;Toulouse;31555;4884;478;6789
43.5860888192,1.48294081415;"{""type"": ""MultiPoint"", ""coordinates"": [[1.482940814150451, 43.586088819216556]]}";FIRMIS;210;18;oui;CHE DE LA TERRASSE;TERRASSE (CHE DE LA TERRASSE);42;3105558436;Toulouse;31555;1024;482;1411
43.6152177968,1.46545891345;"{""type"": ""MultiPoint"", ""coordinates"": [[1.465458913452781, 43.615217796765904]]}";CRETES CHAUMIERES;212;17;oui;RUE DE LA CHAUMIERE;CHAUMIERE (RUE DE LA CHAUMIERE);0;3105551989;Toulouse;31555;1189;486;3033
43.6238241259,1.47593975587;"{""type"": ""MultiPoint"", ""coordinates"": [[1.475939755873737, 43.62382412586756]]}";METRO ARGOULETS;215;20;oui;RUE DE GAILLAC;GAILLAC (RUE DE GAILLAC);8;3105553668;Toulouse;31555;7379;489;5246
43.614565694,1.41121089957;"{""type"": ""MultiPoint"", ""coordinates"": [[1.411210899567453, 43.614565694008135]]}";PUCCINI BLAGNAC;219;18;oui;RUE GIACOMO PUCCINI;PUCCINI (RUE GIACOMO PUCCINI);35;3105553888;Toulouse;31555;4778;491;3126
43.6355844115,1.46426701173;"{""type"": ""MultiPoint"", ""coordinates"": [[1.464267011733668, 43.63558441150911]]}";CROIX DAURADE BIBLIOTHEQUE;170;17;oui;CHE DE NICOL;NICOL (CHE DE NICOL);164;3105556262;Toulouse;31555;3742;505;3947
43.6280995726,1.45149691297;"{""type"": ""MultiPoint"", ""coordinates"": [[1.451496912972013, 43.62809957263238]]}";LOUIN RAYNAL;234;17;oui;RUE PIERRETTE LOUIN;LOUIN (RUE PIERRETTE LOUIN);4;3105556921;Toulouse;31555;4153;506;4875
43.6170088756,1.40838826425;"{""type"": ""MultiPoint"", ""coordinates"": [[1.408388264250024, 43.61700887558667]]}";JOB BLAGNAC;240;20;oui;RTE DE BLAGNAC;BLAGNAC (RTE DE BLAGNAC);112;3105551180;Toulouse;31555;8963;511;8453
43.6363599023,1.43899830066;"{""type"": ""MultiPoint"", ""coordinates"": [[1.438998300664664, 43.63635990231455]]}";LAUNAGUET AUDIBERT;247;20;oui;RTE DE LAUNAGUET;LAUNAGUET (RTE DE LAUNAGUET);112;3105555096;Toulouse;31555;2897;514;1930
43.599839619,1.41509868701;"{""type"": ""MultiPoint"", ""coordinates"": [[1.415098687010607, 43.599839618975885]]}";GRANDE BRETAGNE BADIOU;245;20;oui;AV DE GRANDE BRETAGNE;BRETAGNE (AV DE GRANDE BRETAGNE);103B;3105553984;Toulouse;31555;7506;516;8404
43.6143142236,1.4617646007;"{""type"": ""MultiPoint"", ""coordinates"": [[1.461764600696849, 43.61431422357139]]}";JOLIMONT;251;20;oui;AV LEON BLUM;BLUM (AV LEON BLUM);26;3105555152;Toulouse;31555;3626;519;9142
43.5939923678,1.4102831821;"{""type"": ""MultiPoint"", ""coordinates"": [[1.410283182097567, 43.59399236780249]]}";LOMBEZ HIPPODROME;194;20;oui;AV DE LOMBEZ;LOMBEZ (AV DE LOMBEZ);93;3105555308;Toulouse;31555;9812;522;8241
43.5664782977,1.4752688693;"{""type"": ""MultiPoint"", ""coordinates"": [[1.475268869303666, 43.56647829767913]]}";BELIN SUP AERO;224;20;oui;AV EDOUARD BELIN;BELIN (AV EDOUARD BELIN);10;3105552894;Toulouse;31555;6254;525;3536
43.6383040631,1.46502966621;"{""type"": ""MultiPoint"", ""coordinates"": [[1.465029666208329, 43.63830406314284]]}";MAIRIE CROIX DAURADE;249;18;oui;RTE D ALBI;ALBI (RTE D ALBI);159;3105550124;Toulouse;31555;2536;528;2047
43.5932005795,1.42442781969;"{""type"": ""MultiPoint"", ""coordinates"": [[1.424427819687435, 43.59320057953012]]}";CUGNAUX GRAVETTE;183;18;oui;RUE DE CUGNAUX;CUGNAUX (RUE DE CUGNAUX);66;3105552424;Toulouse;31555;14879;532;14193
43.5997275962,1.47829649007;"{""type"": ""MultiPoint"", ""coordinates"": [[1.478296490072887, 43.59972759621318]]}";CASTRES (projet);0;0;non;AV DE CASTRES;CASTRES (AV DE CASTRES);;;Toulouse;31555;0;547;0
43.5739078905,1.44855240068;"{""type"": ""MultiPoint"", ""coordinates"": [[1.448552400676191, 43.573907890510675]]}";CHARBONNIÈRE;280;0;oui;RUE DE LA CHARBONNIERE;CHARBONNIERE (RUE DE LA CHARBONNIERE);;;Toulouse;31555;7083;549;7466
43.5739907257,1.41948032091;"{""type"": ""MultiPoint"", ""coordinates"": [[1.41948032091196, 43.57399072565021]]}";GALLIENI;274;0;oui;RTE DE SEYSSES;SEYSSES (RTE DE SEYSSES);;;Toulouse;31555;4967;552;4479
43.6065621497,1.41414761263;"{""type"": ""MultiPoint"", ""coordinates"": [[1.414147612626486, 43.606562149723025]]}";WAGNER;282;0;oui;BD RICHARD WAGNER;WAGNER (BD RICHARD WAGNER);;3105557468;Toulouse;31555;6412;567;8071
43.5990450941,1.44039892006;"{""type"": ""MultiPoint"", ""coordinates"": [[1.440398920057608, 43.59904509410661]]}";QUAI DE TOUNIS;27;22;oui;QU DE TOUNIS;TOUNIS (QU DE TOUNIS);122B;3105558520;Toulouse;31555;17311;286;14314
43.6000778625,1.44931801794;"{""type"": ""MultiPoint"", ""coordinates"": [[1.449318017941392, 43.600077862459464]]}";PLACE SAINT ETIENNE;24;20;oui;PL SAINT ETIENNE;ETIENNE (PL SAINT ETIENNE);14;3105557756;Toulouse;31555;23228;288;21720
43.6016309305,1.45608133922;"{""type"": ""MultiPoint"", ""coordinates"": [[1.456081339224927, 43.60163093053482]]}";DAURIAC - ESCANDE;42;23;oui;BD PR LEOPOLD ESCANDE;ESCANDE (BD PR LEOPOLD ESCANDE);3;3105557151;Toulouse;31555;13160;293;11028
43.5984630863,1.43669274179;"{""type"": ""MultiPoint"", ""coordinates"": [[1.436692741794254, 43.5984630862546]]}";CHATEAU D EAU;75;21;oui;PL LAGANNE;LAGANNE (PL LAGANNE);12;3105554944;Toulouse;31555;30101;300;27921
43.6086098111,1.44360465962;"{""type"": ""MultiPoint"", ""coordinates"": [[1.443604659619747, 43.608609811148106]]}";BERALDI;33;15;oui;RUE HENRI BERALDI;BERALDI (RUE HENRI BERALDI);11;3105554120;Toulouse;31555;11863;320;9753
43.6086981702,1.43693343205;"{""type"": ""MultiPoint"", ""coordinates"": [[1.436933432051792, 43.60869817018826]]}";PLACE SAINT JULIEN;53;24;oui;PL SAINT JULIEN;JULIEN (PL SAINT JULIEN);0;3105557864;Toulouse;31555;23806;323;19830
43.6085736107,1.43476567042;"{""type"": ""MultiPoint"", ""coordinates"": [[1.434765670415262, 43.60857361067321]]}";DUPORTAL -  CITE ADMINISTRATIVE;52;21;oui;BD ARMAND DUPORTAL;DUPORTAL (BD ARMAND DUPORTAL);41;3105550492;Toulouse;31555;8475;324;7380
43.594361052,1.44096279942;"{""type"": ""MultiPoint"", ""coordinates"": [[1.440962799420181, 43.59436105202641]]}";GARONNETTE;50;23;oui;AV MAURICE HAURIOU;HAURIOU (AV MAURICE HAURIOU);1;3105555804;Toulouse;31555;12036;343;9117
43.5979899231,1.44291181173;"{""type"": ""MultiPoint"", ""coordinates"": [[1.442911811729471, 43.597989923096186]]}";DALBADE - DE GORSSE;26;21;oui;RUE HENRY DE GORSSE;GORSSE (RUE HENRY DE GORSSE);9;3105554132;Toulouse;31555;24693;345;20067
43.597417561,1.44527793081;"{""type"": ""MultiPoint"", ""coordinates"": [[1.445277930811578, 43.59741756099531]]}";PLACE DES CARMES;46;20;oui;PL DES CARMES;CARMES (PL DES CARMES);37;3105551708;Toulouse;31555;46808;346;37879
43.60104748,1.43413355696;"{""type"": ""MultiPoint"", ""coordinates"": [[1.434133556962294, 43.6010474799592]]}";PLACE LANGE;79;19;oui;PL LANGE;LANGE (PL LANGE);1;3105554996;Toulouse;31555;8763;352;9517
43.5977807803,1.43161735088;"{""type"": ""MultiPoint"", ""coordinates"": [[1.431617350882171, 43.59778078032251]]}";PLACE INT SAINT CYPRIEN;77;13;oui;PL INTERIEURE ST CYPRIEN;CYPRIEN (PL INTERIEURE ST CYPRIEN);2;3105554336;Toulouse;31555;22923;354;18229
43.606136318,1.44135064795;"{""type"": ""MultiPoint"", ""coordinates"": [[1.441350647947546, 43.60613631802477]]}";LOIS -  ESQUILE;13;15;oui;RUE DE L ESQUILE;ESQUILE (RUE DE L ESQUILE);1;3105553080;Toulouse;31555;24543;365;17269
43.6104694123,1.4527560251;"{""type"": ""MultiPoint"", ""coordinates"": [[1.452756025098989, 43.61046941228669]]}";BONREPOS;61;25;oui;BD DE BONREPOS;BONREPOS (BD DE BONREPOS);8T;3105551256;Toulouse;31555;27856;366;512
43.6134349949,1.4464126268;"{""type"": ""MultiPoint"", ""coordinates"": [[1.446412626795893, 43.613434994949856]]}";CONCORDE -  PRINTEMPS;59;18;oui;RUE DE LA CONCORDE;CONCORDE (RUE DE LA CONCORDE);61;3105552256;Toulouse;31555;22849;370;21215
43.6095901704,1.43040129112;"{""type"": ""MultiPoint"", ""coordinates"": [[1.430401291118368, 43.60959017035652]]}";SEBASTOPOL - LASCROSSES;107;25;oui;RUE DE SEBASTOPOL;SEBASTOPOL (RUE DE SEBASTOPOL);1;3105558204;Toulouse;31555;29081;374;16389
43.6134589692,1.43024323237;"{""type"": ""MultiPoint"", ""coordinates"": [[1.430243232371767, 43.613458969203506]]}";EMBOUCHURE -  HAEDENS;122;20;oui;BD DE L EMBOUCHURE;EMBOUCHURE (BD DE L EMBOUCHURE);57;3105552952;Toulouse;31555;13678;375;11140
43.6098356983,1.45528002555;"{""type"": ""MultiPoint"", ""coordinates"": [[1.455280025548707, 43.60983569833128]]}";MEDIATHEQUE;96;25;oui;ALL JACQUES CHABAN DELMAS;DELMAS (ALL JACQUES CHABAN DELMAS);1;3105554399;Toulouse;31555;36114;379;39567
43.5926435707,1.43391008374;"{""type"": ""MultiPoint"", ""coordinates"": [[1.433910083742549, 43.59264357069786]]}";PLACE DU FER A CHEVAL;70;18;oui;PL DU FER A CHEVAL;CHEVAL (PL DU FER A CHEVAL);5;3105553240;Toulouse;31555;18744;386;16416
43.5969150023,1.42621995844;"{""type"": ""MultiPoint"", ""coordinates"": [[1.426219958441035, 43.596915002343]]}";BILLIERES - POSTE;117;17;oui;AV ETIENNE BILLIERES;BILLIERES (AV ETIENNE BILLIERES);39;3105553116;Toulouse;31555;11507;389;9300
43.616959762,1.45426742657;"{""type"": ""MultiPoint"", ""coordinates"": [[1.454267426571887, 43.61695976203255]]}";ECOLE BONNEFOY;126;20;oui;RUE DU FAUBOURG BONNEFOY;BONNEFOY (RUE DU FAUBOURG BONNEFOY);18;3105553204;Toulouse;31555;26110;390;27908
43.6126252093,1.43825513213;"{""type"": ""MultiPoint"", ""coordinates"": [[1.438255132127177, 43.61262520927713]]}";SERRES -  ARNAUD BERNARD;121;20;oui;AV HONORE SERRES;SERRES (AV HONORE SERRES);33;3105554256;Toulouse;31555;17693;397;14155
43.5905939965,1.44529342012;"{""type"": ""MultiPoint"", ""coordinates"": [[1.44529342011539, 43.59059399654081]]}";ST MICHEL - STE CATHERINE;103;20;oui;GRANDE-RUE SAINT MICHEL;MICHEL (GRANDE-RUE SAINT MICHEL);139;3105557916;Toulouse;31555;24536;401;21236
43.6003721705,1.42028430395;"{""type"": ""MultiPoint"", ""coordinates"": [[1.420284303945452, 43.60037217050685]]}";BRUNHES FONTAINES;137;55;oui;BD JEAN BRUNHES;BRUNHES (BD JEAN BRUNHES);55;3105554524;Toulouse;31555;16870;413;14070
43.6020011332,1.41484301583;"{""type"": ""MultiPoint"", ""coordinates"": [[1.414843015834943, 43.60200113321395]]}";FONTAINES MILHES;136;20;oui;RUE DES FONTAINES;FONTAINES (RUE DES FONTAINES);190;3105553380;Toulouse;31555;13704;414;13537
43.5917190995,1.41863010579;"{""type"": ""MultiPoint"", ""coordinates"": [[1.418630105793508, 43.591719099508445]]}";EMILE MALE;140;18;oui;PL EMILE MALE;MALE (PL EMILE MALE);4;3105552988;Toulouse;31555;23258;416;18644
43.6159726368,1.42161129479;"{""type"": ""MultiPoint"", ""coordinates"": [[1.421611294792214, 43.61597263676519]]}";SUISSE LAUSANNE;144;20;oui;BD DE SUISSE;SUISSE (BD DE SUISSE);62;3105558336;Toulouse;31555;13130;420;12872
43.6153965466,1.44858154177;"{""type"": ""MultiPoint"", ""coordinates"": [[1.448581541771212, 43.615396546602504]]}";RAISIN;149;22;oui;CHE DU RAISIN;RAISIN (CHE DU RAISIN);2;3105557248;Toulouse;31555;18207;427;16555
43.5837632998,1.44334213459;"{""type"": ""MultiPoint"", ""coordinates"": [[1.443342134591296, 43.58376329979887]]}";RECOLLETS;155;20;oui;BD DES RECOLLETS;RECOLLETS (BD DES RECOLLETS);34;3105557344;Toulouse;31555;22644;429;20472
43.5795579841,1.44194779748;"{""type"": ""MultiPoint"", ""coordinates"": [[1.441947797475299, 43.57955798406736]]}";METRO EMPALOT;156;20;oui;AV JEAN MOULIN;MOULIN (AV JEAN MOULIN);38;3105554616;Toulouse;31555;8377;430;9175
43.6428719804,1.46110410307;"{""type"": ""MultiPoint"", ""coordinates"": [[1.461104103073536, 43.642871980395384]]}";RPT POINT LAFFORGUE;172;20;oui;RPT DE L ABBE G. LAFFORGUE;LAFFORGUE (RPT DE L ABBE G. LAFFORGUE);0;3105550011;Toulouse;31555;2824;442;1958
43.6369206349,1.45267805539;"{""type"": ""MultiPoint"", ""coordinates"": [[1.452678055388735, 43.63692063492992]]}";BOURGES MAUNOURY MELAT;174;20;oui;AV MAURICE BOURGES MAUNOURY;MAUNOURY (AV MAURICE BOURGES MAUNOURY);41;3105555789;Toulouse;31555;3169;444;2782
43.6332180523,1.45073775462;"{""type"": ""MultiPoint"", ""coordinates"": [[1.450737754621802, 43.63321805232226]]}";BOURGES MAUNOURY SEGLA;173;20;oui;AV MAURICE BOURGES MAUNOURY;MAUNOURY (AV MAURICE BOURGES MAUNOURY);25;3105555789;Toulouse;31555;6453;445;5678
43.6092533843,1.47995638245;"{""type"": ""MultiPoint"", ""coordinates"": [[1.479956382451086, 43.60925338434402]]}";PLANA GARNIER;181;15;oui;RUE LOUIS PLANA;PLANA (RUE LOUIS PLANA);27;3105555396;Toulouse;31555;3030;455;2124
43.6059615375,1.48174849522;"{""type"": ""MultiPoint"", ""coordinates"": [[1.481748495217635, 43.60596153750436]]}";CHAUBET;182;20;oui;AV JEAN CHAUBET;CHAUBET (AV JEAN CHAUBET);158;3105554540;Toulouse;31555;3214;456;2921
43.6272417142,1.46929476649;"{""type"": ""MultiPoint"", ""coordinates"": [[1.469294766486273, 43.627241714169244]]}";MICHOUN LIPPMAN;184;18;oui;CHE MICHOUN;MICHOUN (CHE MICHOUN);70;3105555932;Toulouse;31555;2524;457;1814
43.6271953439,1.46560543398;"{""type"": ""MultiPoint"", ""coordinates"": [[1.465605433980292, 43.62719534391414]]}";ROUBICHOU ARLES;185;15;oui;RUE ROUBICHOU;ROUBICHOU (RUE ROUBICHOU);30;3105557648;Toulouse;31555;1821;458;3281
43.5948884851,1.41508282242;"{""type"": ""MultiPoint"", ""coordinates"": [[1.415082822422464, 43.59488848506197]]}";LOMBEZ PETITE VITESSE;193;20;oui;AV DE LOMBEZ;LOMBEZ (AV DE LOMBEZ);59;3105555308;Toulouse;31555;12438;467;10256
43.5858785218,1.475006686;"{""type"": ""MultiPoint"", ""coordinates"": [[1.475006685997372, 43.585878521797675]]}";COTTAGES RIEUX;205;17;oui;AV DES COTTAGES;COTTAGES (AV DES COTTAGES);58;3105552340;Toulouse;31555;1691;476;2581
43.5911810321,1.4800885792;"{""type"": ""MultiPoint"", ""coordinates"": [[1.480088579202138, 43.59118103214989]]}";LIMAYRAC DARASSE;208;18;oui;ALL DE LIMAYRAC;LIMAYRAC (ALL DE LIMAYRAC);;3105555273;Toulouse;31555;1571;480;2265
43.6410709316,1.46647604379;"{""type"": ""MultiPoint"", ""coordinates"": [[1.466476043792519, 43.64107093158599]]}";ALBI PELET;171;20;oui;RTE D ALBI;ALBI (RTE D ALBI);191;3105550124;Toulouse;31555;2919;485;2687
43.6008400856,1.47355743952;"{""type"": ""MultiPoint"", ""coordinates"": [[1.473557439522015, 43.60084008562656]]}";CASTRES ACHIARY;214;17;oui;AV DE CASTRES;CASTRES (AV DE CASTRES);48;3105551772;Toulouse;31555;1380;488;6716
43.6227619027,1.47404258889;"{""type"": ""MultiPoint"", ""coordinates"": [[1.474042588885385, 43.62276190270166]]}";ARGOULETS HOUDON;216;18;oui;RUE JEAN HOUDON;HOUDON (RUE JEAN HOUDON);3;3105554592;Toulouse;31555;1695;490;1426
43.5607377847,1.46303076986;"{""type"": ""MultiPoint"", ""coordinates"": [[1.463030769857764, 43.5607377847216]]}";METRO UPS;227;20;oui;RTE DE NARBONNE;NARBONNE (RTE DE NARBONNE);118;3105556196;Toulouse;31555;12573;498;8506
43.6326930124,1.46315260711;"{""type"": ""MultiPoint"", ""coordinates"": [[1.463152607112547, 43.63269301244152]]}";ALBI AVRANCHES;169;18;oui;RTE D ALBI;ALBI (RTE D ALBI);78;3105550124;Toulouse;31555;4571;504;4582
43.596403203,1.45660377248;"{""type"": ""MultiPoint"", ""coordinates"": [[1.456603772480739, 43.5964032030101]]}";PORT SAINT SAUVEUR;15;20;oui;PORT SAINT SAUVEUR;SAUVEUR (PORT SAINT SAUVEUR);22;3105558066;Toulouse;31555;11525;521;9564
43.6305222244,1.43234645778;"{""type"": ""MultiPoint"", ""coordinates"": [[1.432346457784361, 43.63052222437623]]}";ETATS UNIS  CHARLAS;253;18;oui;AV DES ETATS UNIS;UNIS (AV DES ETATS UNIS);75;3105553104;Toulouse;31555;2464;523;2176
43.6268608283,1.44399694174;"{""type"": ""MultiPoint"", ""coordinates"": [[1.443996941735041, 43.62686082827981]]}";NEGRENEYS;252;20;oui;RUE DE NEGRENEYS;NEGRENEYS (RUE DE NEGRENEYS);161;3105556236;Toulouse;31555;3271;530;4794
43.6380885014,1.4446623226;"{""type"": ""MultiPoint"", ""coordinates"": [[1.444662322599171, 43.63808850140513]]}";PLACE MICOULEAU;283;0;oui;PL MICOULAUD;MICOULAUD (PL MICOULAUD);;;Toulouse;31555;2667;541;2206
43.6425484124,1.45623608611;"{""type"": ""MultiPoint"", ""coordinates"": [[1.456236086113464, 43.642548412409376]]}";BORDEROUGE;262;18;oui;CHE DE BORDEROUGE;BORDEROUGE (CHE DE BORDEROUGE);;;Toulouse;31555;1352;542;1210
43.5964357531,1.48397542236;"{""type"": ""MultiPoint"", ""coordinates"": [[1.483975422361297, 43.596435753140895]]}";ROTONDE;256;0;oui;AV DE CASTRES;CASTRES (AV DE CASTRES);;;Toulouse;31555;1254;545;1135
43.5739197476,1.48392256764;"{""type"": ""MultiPoint"", ""coordinates"": [[1.483922567644201, 43.57391974761298]]}";GONIN;267;0;oui;RUE CLAUDE GONIN;GONIN (RUE CLAUDE GONIN);;;Toulouse;31555;1813;548;2742
43.5791571885,1.39260607284;"{""type"": ""MultiPoint"", ""coordinates"": [[1.392606072837418, 43.57915718847186]]}";IZAR;273;0;oui;RPT LOUIS IZAR;IZAR (RPT LOUIS IZAR);;;Toulouse;31555;1265;557;1200
43.624003958,1.4278275147;"{""type"": ""MultiPoint"", ""coordinates"": [[1.427827514701506, 43.62400395795517]]}";TRENTIN;270;0;oui;BD SILVIO TRENTIN;TRENTIN (BD SILVIO TRENTIN);;3105558356;Toulouse;31555;6833;565;6928
43.6136241579,1.40137704449;"{""type"": ""MultiPoint"", ""coordinates"": [[1.401377044489207, 43.61362415786548]]}";ESPAGNO;279;0;oui;AV DE CASSELARDIT;CASSELARDIT (AV DE CASSELARDIT);;3105551748;Toulouse;31555;5184;566;5924
